{"cameraMode":{"drawMode":0,"name":"Shaded","section":"Shading Mode"},"sceneLighting":true,"audioPlay":false,"sceneViewState":{"showFog":true,"showMaterialUpdate":false,"showSkybox":true,"showFlares":true,"showImageEffects":true,"showParticleSystems":true},"in2DMode":false,"pivot":{"x":-0.010940074920654297,"y":-0.3601655960083008,"z":-12.252090454101563},"rotation":{"x":0.03166351094841957,"y":-0.9677722454071045,"z":0.1926538497209549,"w":0.15905624628067017},"size":16.071796417236329,"orthographic":false}