{"cameraMode":{"drawMode":0,"name":"Shaded","section":"Shading Mode"},"sceneLighting":true,"audioPlay":false,"sceneViewState":{"showFog":true,"showMaterialUpdate":false,"showSkybox":true,"showFlares":true,"showImageEffects":true,"showParticleSystems":true},"in2DMode":false,"pivot":{"x":1.3574819564819337,"y":1.7563097476959229,"z":-14.223257064819336},"rotation":{"x":0.1583826243877411,"y":-0.6822481155395508,"z":0.15505005419254304,"w":0.6967151761054993},"size":17.403959274291993,"orthographic":false}