{"cameraMode":{"drawMode":0,"name":"Shaded","section":"Shading Mode"},"sceneLighting":true,"audioPlay":false,"sceneViewState":{"showFog":true,"showMaterialUpdate":false,"showSkybox":true,"showFlares":true,"showImageEffects":true,"showParticleSystems":true},"in2DMode":false,"pivot":{"x":3.161097764968872,"y":0.9800000190734863,"z":0.7127652168273926},"rotation":{"x":0.09510232508182526,"y":0.2124263346195221,"z":-0.020779235288500787,"w":0.9723162651062012},"size":4.041658401489258,"orthographic":false}