{"cameraMode":{"drawMode":0,"name":"Shaded","section":"Shading Mode"},"sceneLighting":false,"audioPlay":false,"sceneViewState":{"showFog":true,"showMaterialUpdate":false,"showSkybox":false,"showFlares":true,"showImageEffects":true,"showParticleSystems":true},"in2DMode":false,"pivot":{"x":-15.119999885559082,"y":0.7350050210952759,"z":-12.383495330810547},"rotation":{"x":0.010386140085756779,"y":0.9777469038963318,"z":-0.04990915209054947,"w":0.2035001665353775},"size":3.144397258758545,"orthographic":false}