{"cameraMode":{"drawMode":0,"name":"Shaded","section":"Shading Mode"},"sceneLighting":true,"audioPlay":false,"sceneViewState":{"showFog":true,"showMaterialUpdate":false,"showSkybox":true,"showFlares":true,"showImageEffects":true,"showParticleSystems":true},"in2DMode":false,"pivot":{"x":2.94384765625,"y":1.853759765625,"z":1.4150390625},"rotation":{"x":0.025795329362154008,"y":-0.9576162099838257,"z":0.09076505899429321,"w":0.27215343713760378},"size":6.472752571105957,"orthographic":true}