{"cameraMode":{"drawMode":0,"name":"Shaded","section":"Shading Mode"},"sceneLighting":true,"audioPlay":false,"sceneViewState":{"showFog":true,"showMaterialUpdate":false,"showSkybox":true,"showFlares":true,"showImageEffects":true,"showParticleSystems":true},"in2DMode":false,"pivot":{"x":-10.951913833618164,"y":0.4143255352973938,"z":-6.092498302459717},"rotation":{"x":-0.01700507290661335,"y":-0.32767540216445925,"z":0.005898868199437857,"w":-0.9446189403533936},"size":8.629805564880371,"orthographic":false}