{"cameraMode":{"drawMode":0,"name":"Shaded","section":"Shading Mode"},"sceneLighting":false,"audioPlay":false,"sceneViewState":{"showFog":true,"showMaterialUpdate":false,"showSkybox":false,"showFlares":true,"showImageEffects":true,"showParticleSystems":true},"in2DMode":false,"pivot":{"x":-11.770000457763672,"y":1.2739176750183106,"z":-13.02400016784668},"rotation":{"x":0.1625216156244278,"y":0.6367557644844055,"z":-0.13972023129463197,"w":0.7406802177429199},"size":4.041658401489258,"orthographic":false}