{"cameraMode":{"drawMode":0,"name":"Shaded","section":"Shading Mode"},"sceneLighting":false,"audioPlay":false,"sceneViewState":{"showFog":true,"showMaterialUpdate":false,"showSkybox":false,"showFlares":true,"showImageEffects":true,"showParticleSystems":true},"in2DMode":false,"pivot":{"x":-13.890000343322754,"y":1.9301594495773316,"z":-8.294022560119629},"rotation":{"x":0.023140637204051019,"y":0.9768624305725098,"z":-0.14913667738437653,"w":0.15153416991233827},"size":5.265192985534668,"orthographic":true}