{"cameraMode":{"drawMode":0,"name":"Shaded","section":"Shading Mode"},"sceneLighting":true,"audioPlay":false,"sceneViewState":{"showFog":true,"showMaterialUpdate":false,"showSkybox":true,"showFlares":true,"showImageEffects":true,"showParticleSystems":true},"in2DMode":false,"pivot":{"x":21.0703125,"y":-9.8974609375,"z":17.1268310546875},"rotation":{"x":0.10546218603849411,"y":0.8562787175178528,"z":-0.19328121840953828,"w":0.46723318099975588},"size":24.306556701660158,"orthographic":true}