{"cameraMode":{"drawMode":0,"name":"Shaded","section":"Shading Mode"},"sceneLighting":true,"audioPlay":false,"sceneViewState":{"showFog":true,"showMaterialUpdate":false,"showSkybox":true,"showFlares":true,"showImageEffects":true,"showParticleSystems":true},"in2DMode":false,"pivot":{"x":-8.56434440612793,"y":-2.7931342124938967,"z":3.352480411529541},"rotation":{"x":0.15964896976947785,"y":-0.7148467898368836,"z":0.17334502935409547,"w":0.6583752036094666},"size":22.05295181274414,"orthographic":false}