{"cameraMode":{"drawMode":0,"name":"Shaded","section":"Shading Mode"},"sceneLighting":true,"audioPlay":false,"sceneViewState":{"showFog":true,"showMaterialUpdate":false,"showSkybox":true,"showFlares":true,"showImageEffects":true,"showParticleSystems":true},"in2DMode":false,"pivot":{"x":2.675391674041748,"y":1.102341890335083,"z":-4.362110137939453},"rotation":{"x":0.07489621639251709,"y":-0.275135338306427,"z":0.021502720192074777,"w":0.9582425355911255},"size":47.393070220947269,"orthographic":false}