{"cameraMode":{"drawMode":0,"name":"Shaded","section":"Shading Mode"},"sceneLighting":true,"audioPlay":false,"sceneViewState":{"showFog":true,"showMaterialUpdate":false,"showSkybox":true,"showFlares":true,"showImageEffects":true,"showParticleSystems":true},"in2DMode":false,"pivot":{"x":-17.314687728881837,"y":-5.876861572265625,"z":-21.151073455810548},"rotation":{"x":0.03551741689443588,"y":-0.9413744211196899,"z":0.10492394119501114,"w":0.318659245967865},"size":44.48383331298828,"orthographic":false}