{"cameraMode":{"drawMode":0,"name":"Shaded","section":"Shading Mode"},"sceneLighting":true,"audioPlay":false,"sceneViewState":{"showFog":true,"showMaterialUpdate":false,"showSkybox":true,"showFlares":true,"showImageEffects":true,"showParticleSystems":true},"in2DMode":false,"pivot":{"x":-2.6479082107543947,"y":0.22064876556396485,"z":-7.158565521240234},"rotation":{"x":0.19154395163059236,"y":-0.251507967710495,"z":0.05085228383541107,"w":0.9473482966423035},"size":34.78977584838867,"orthographic":false}