{"cameraMode":{"drawMode":0,"name":"Shaded","section":"Shading Mode"},"sceneLighting":false,"audioPlay":false,"sceneViewState":{"showFog":true,"showMaterialUpdate":false,"showSkybox":false,"showFlares":true,"showImageEffects":true,"showParticleSystems":true},"in2DMode":false,"pivot":{"x":-14.322364807128907,"y":1.058024525642395,"z":-11.94629192352295},"rotation":{"x":0.04589560627937317,"y":0.9151026606559753,"z":-0.10895118862390518,"w":0.3855001926422119},"size":2.8443973064422609,"orthographic":false}