{"cameraMode":{"drawMode":0,"name":"Shaded","section":"Shading Mode"},"sceneLighting":false,"audioPlay":false,"sceneViewState":{"showFog":true,"showMaterialUpdate":false,"showSkybox":false,"showFlares":true,"showImageEffects":true,"showParticleSystems":true},"in2DMode":false,"pivot":{"x":-13.68448543548584,"y":2.1996021270751955,"z":-8.323272705078125},"rotation":{"x":-0.015176458284258843,"y":0.9828397631645203,"z":-0.15760204195976258,"w":-0.09464351087808609},"size":1.8332152366638184,"orthographic":false}