{"cameraMode":{"drawMode":0,"name":"Shaded","section":"Shading Mode"},"sceneLighting":false,"audioPlay":false,"sceneViewState":{"showFog":true,"showMaterialUpdate":false,"showSkybox":false,"showFlares":true,"showImageEffects":true,"showParticleSystems":true},"in2DMode":false,"pivot":{"x":-13.890000343322754,"y":0.8689999580383301,"z":-8.260000228881836},"rotation":{"x":0.08373185992240906,"y":0.06332645565271378,"z":-0.005336777772754431,"w":0.9944597482681274},"size":4.041658401489258,"orthographic":false}