{"cameraMode":{"drawMode":0,"name":"Shaded","section":"Shading Mode"},"sceneLighting":true,"audioPlay":false,"sceneViewState":{"showFog":true,"showMaterialUpdate":false,"showSkybox":true,"showFlares":true,"showImageEffects":true,"showParticleSystems":true},"in2DMode":false,"pivot":{"x":-1.8841748237609864,"y":3.214694023132324,"z":1.1855374574661255},"rotation":{"x":0.20807354152202607,"y":0.7502287030220032,"z":-0.2772606313228607,"w":0.5630176663398743},"size":8.566823959350586,"orthographic":false}