{"cameraMode":{"drawMode":0,"name":"Shaded","section":"Shading Mode"},"sceneLighting":true,"audioPlay":false,"sceneViewState":{"showFog":true,"showMaterialUpdate":false,"showSkybox":true,"showFlares":true,"showImageEffects":true,"showParticleSystems":true},"in2DMode":false,"pivot":{"x":-56.50191879272461,"y":3.874584197998047,"z":46.60198974609375},"rotation":{"x":0.11944659799337387,"y":0.47453048825263979,"z":-0.0651860311627388,"w":0.8696575164794922},"size":99.44085693359375,"orthographic":true}