{"cameraMode":{"drawMode":0,"name":"Shaded","section":"Shading Mode"},"sceneLighting":true,"audioPlay":false,"sceneViewState":{"showFog":true,"showMaterialUpdate":false,"showSkybox":true,"showFlares":true,"showImageEffects":true,"showParticleSystems":true},"in2DMode":false,"pivot":{"x":0.44747400283813479,"y":3.1469216346740724,"z":-18.22395133972168},"rotation":{"x":0.16832461953163148,"y":-0.6690157651901245,"z":0.15947040915489198,"w":0.7061544060707092},"size":6.720571041107178,"orthographic":false}