{"cameraMode":{"drawMode":0,"name":"Shaded","section":"Shading Mode"},"sceneLighting":true,"audioPlay":false,"sceneViewState":{"showFog":true,"showMaterialUpdate":false,"showSkybox":true,"showFlares":true,"showImageEffects":true,"showParticleSystems":true},"in2DMode":false,"pivot":{"x":-36.09030532836914,"y":-25.86664581298828,"z":-14.093165397644043},"rotation":{"x":0.2488224357366562,"y":-0.5793843865394592,"z":0.19168055057525636,"w":0.7521035075187683},"size":55.94698715209961,"orthographic":false}