{"cameraMode":{"drawMode":0,"name":"Shaded","section":"Shading Mode"},"sceneLighting":false,"audioPlay":false,"sceneViewState":{"showFog":true,"showMaterialUpdate":false,"showSkybox":false,"showFlares":true,"showImageEffects":true,"showParticleSystems":true},"in2DMode":false,"pivot":{"x":-13.583343505859375,"y":1.6799602508544922,"z":-3.478271484375},"rotation":{"x":-0.0016627066070213915,"y":-0.9965562224388123,"z":0.08029448240995407,"w":-0.020635787397623063},"size":3.0809473991394045,"orthographic":true}