{"cameraMode":{"drawMode":0,"name":"Shaded","section":"Shading Mode"},"sceneLighting":false,"audioPlay":false,"sceneViewState":{"showFog":true,"showMaterialUpdate":false,"showSkybox":false,"showFlares":true,"showImageEffects":true,"showParticleSystems":true},"in2DMode":false,"pivot":{"x":1.086151123046875,"y":1.9189453125,"z":-5.567543029785156},"rotation":{"x":0.03624914586544037,"y":0.9622939229011536,"z":-0.16171911358833314,"w":0.21569284796714784},"size":5.063848972320557,"orthographic":true}