{"cameraMode":{"drawMode":0,"name":"Shaded","section":"Shading Mode"},"sceneLighting":true,"audioPlay":false,"sceneViewState":{"showFog":true,"showMaterialUpdate":false,"showSkybox":true,"showFlares":true,"showImageEffects":true,"showParticleSystems":true},"in2DMode":false,"pivot":{"x":7.240821838378906,"y":2.812042236328125,"z":23.572265625},"rotation":{"x":0.09081339836120606,"y":-0.47432804107666018,"z":0.04926331341266632,"w":0.8742648363113403},"size":28.394916534423829,"orthographic":true}