{"cameraMode":{"drawMode":0,"name":"Shaded","section":"Shading Mode"},"sceneLighting":true,"audioPlay":false,"sceneViewState":{"showFog":true,"showMaterialUpdate":false,"showSkybox":true,"showFlares":true,"showImageEffects":true,"showParticleSystems":true},"in2DMode":false,"pivot":{"x":0.7504763603210449,"y":2.9140987396240236,"z":-8.733743667602539},"rotation":{"x":0.1448582112789154,"y":-0.35713034868240359,"z":0.05617136135697365,"w":0.921042263507843},"size":8.102222442626954,"orthographic":false}